{
	"format_version": "1.20.30",
	"minecraft:item": {
		"description": {
			"identifier": "whnneeww:whnneeww_pickaxe",
			"menu_category": {
				"category": "equipment",
				"group": "itemGroup.name.pickaxe"
			}
		},
		"components": {
			"minecraft:max_stack_size": 1,
			"minecraft:icon": {
				"texture": "whnneeww_pickaxe"
			},
			"minecraft:damage": 15,
			"minecraft:digger": {
				"destroy_speeds": [
					{
						"speed": 8,
						"block": "bedrock"
					},
					{
						"speed": 50,
						"block": "whnneeww-block"
					}
				]
			},
			"minecraft:hand_equipped": true,
			"minecraft:durability": {
				"max_durability": 2100
			},
			"minecraft:repairable": {
				"repair_items": [
					{
						"items": ["iron_ingot"],
						"repair_amount": 525
					}
				]
			}
		}
	}
}